filingDate,acceptanceDateTime,accessionNumber,primaryDocument,form,ticker
2026-05-08,2026-05-08 22:30:09+00:00,0001140361-26-020298,xslF345X06/form4.xml,4,AAPL
2026-04-27,2026-04-27 22:30:44+00:00,0001140361-26-017175,xslF345X06/form4.xml,4,AAPL
2026-04-17,2026-04-17 22:32:12+00:00,0001140361-26-015421,xslF345X06/form4.xml,4,AAPL
2026-04-17,2026-04-17 22:30:34+00:00,0001140361-26-015420,xslF345X06/form4.xml,4,AAPL
2026-04-03,2026-04-03 22:30:45+00:00,0001140361-26-013192,xslF345X06/form4.xml,4,AAPL
2026-04-03,2026-04-03 22:30:43+00:00,0001140361-26-013191,xslF345X06/form4.xml,4,AAPL
2026-04-03,2026-04-03 22:30:41+00:00,0001140361-26-013190,xslF345X06/form4.xml,4,AAPL
2026-03-17,2026-03-17 22:31:17+00:00,0001780525-26-000005,xslF345X05/wk-form4_1773786674.xml,4,AAPL
2026-02-26,2026-02-26 23:34:19+00:00,0001059235-26-000004,xslF345X05/wk-form4_1772148856.xml,4,AAPL
2026-02-26,2026-02-26 23:33:49+00:00,0001216519-26-000004,xslF345X05/wk-form4_1772148826.xml,4,AAPL
2026-02-26,2026-02-26 23:33:14+00:00,0001179864-26-000004,xslF345X05/wk-form4_1772148791.xml,4,AAPL
2026-02-26,2026-02-26 23:32:41+00:00,0001214128-26-000004,xslF345X05/wk-form4_1772148758.xml,4,AAPL
2026-02-26,2026-02-26 23:32:04+00:00,0001051401-26-000004,xslF345X05/wk-form4_1772148721.xml,4,AAPL
2026-02-26,2026-02-26 23:31:24+00:00,0001453149-26-000005,xslF345X05/wk-form4_1772148681.xml,4,AAPL
2026-02-26,2026-02-26 23:30:33+00:00,0001690882-26-000004,xslF345X05/wk-form4_1772148630.xml,4,AAPL
2026-02-03,2026-02-03 23:37:10+00:00,0001059235-26-000002,xslF345X05/wk-form4_1770161827.xml,4,AAPL
2026-02-03,2026-02-03 23:36:32+00:00,0001216519-26-000002,xslF345X05/wk-form4_1770161790.xml,4,AAPL
2026-02-03,2026-02-03 23:35:54+00:00,0001179864-26-000002,xslF345X05/wk-form4_1770161752.xml,4,AAPL
2026-02-03,2026-02-03 23:35:15+00:00,0001214128-26-000002,xslF345X05/wk-form4_1770161713.xml,4,AAPL
2026-02-03,2026-02-03 23:34:20+00:00,0001051401-26-000002,xslF345X05/wk-form4_1770161657.xml,4,AAPL
2026-02-03,2026-02-03 23:33:25+00:00,0001453149-26-000003,xslF345X05/wk-form4_1770161602.xml,4,AAPL
2026-02-03,2026-02-03 23:32:10+00:00,0001690882-26-000002,xslF345X05/wk-form4_1770161527.xml,4,AAPL
2025-11-14,2025-11-14 23:30:15+00:00,0001462356-25-000012,xslF345X05/wk-form4_1763163012.xml,4,AAPL
2025-11-12,2025-11-12 23:30:10+00:00,0001631982-25-000011,xslF345X05/wk-form4_1762990206.xml,4,AAPL
2025-10-17,2025-10-17 22:31:09+00:00,0002050912-25-000008,xslF345X05/wk-form4_1760740266.xml,4,AAPL
2025-10-17,2025-10-17 22:30:16+00:00,0001631982-25-000009,xslF345X05/wk-form4_1760740212.xml,4,AAPL
2025-10-03,2025-10-03 22:33:53+00:00,0001214156-25-000011,xslF345X05/wk-form4_1759530830.xml,4,AAPL
2025-10-03,2025-10-03 22:32:27+00:00,0001767094-25-000009,xslF345X05/wk-form4_1759530744.xml,4,AAPL
2025-10-03,2025-10-03 22:31:33+00:00,0002078476-25-000005,xslF345X05/wk-form4_1759530690.xml,4,AAPL
2025-10-03,2025-10-03 22:30:27+00:00,0001462356-25-000010,xslF345X05/wk-form4_1759530624.xml,4,AAPL
2025-09-30,2025-09-30 22:35:16+00:00,0002050912-25-000006,xslF345X05/wk-form4_1759271713.xml,4,AAPL
2025-09-30,2025-09-30 22:34:20+00:00,0001767094-25-000007,xslF345X05/wk-form4_1759271656.xml,4,AAPL
2025-09-30,2025-09-30 22:33:15+00:00,0002078476-25-000003,xslF345X05/wk-form4_1759271592.xml,4,AAPL
2025-09-30,2025-09-30 22:32:09+00:00,0001214156-25-000009,xslF345X05/wk-form4_1759271527.xml,4,AAPL
2025-09-30,2025-09-30 22:30:22+00:00,0001462356-25-000008,xslF345X05/wk-form4_1759271419.xml,4,AAPL
2025-08-29,2025-08-29 22:30:10+00:00,0001214128-25-000005,xslF345X05/wk-form4_1756506606.xml,4,AAPL
2025-08-27,2025-08-27 22:30:14+00:00,0001631982-25-000007,xslF345X05/wk-form4_1756333811.xml,4,AAPL
2025-08-12,2025-08-12 22:30:19+00:00,0001767094-25-000005,xslF345X05/wk-form4_1755037816.xml,4,AAPL
2025-05-14,2025-05-14 22:30:28+00:00,0000320193-25-000059,xslF345X05/wk-form4_1747261821.xml,4,AAPL
2025-04-25,2025-04-25 22:30:14+00:00,0000320193-25-000051,xslF345X05/wk-form4_1745620207.xml,4,AAPL
2025-04-17,2025-04-17 22:32:02+00:00,0000320193-25-000049,xslF345X05/wk-form4_1744929115.xml,4,AAPL
2025-04-17,2025-04-17 22:31:13+00:00,0000320193-25-000048,xslF345X05/wk-form4_1744929066.xml,4,AAPL
2025-04-03,2025-04-03 22:33:37+00:00,0000320193-25-000045,xslF345X05/wk-form4_1743719610.xml,4,AAPL
2025-04-03,2025-04-03 22:32:58+00:00,0000320193-25-000044,xslF345X05/wk-form4_1743719572.xml,4,AAPL
2025-04-03,2025-04-03 22:32:18+00:00,0000320193-25-000043,xslF345X05/wk-form4_1743719531.xml,4,AAPL
2025-04-03,2025-04-03 22:31:27+00:00,0000320193-25-000042,xslF345X05/wk-form4_1743719480.xml,4,AAPL
2025-02-27,2025-02-27 23:35:41+00:00,0000320193-25-000036,xslF345X05/wk-form4_1740699336.xml,4,AAPL
2025-02-27,2025-02-27 23:34:58+00:00,0000320193-25-000035,xslF345X05/wk-form4_1740699290.xml,4,AAPL
2025-02-27,2025-02-27 23:34:19+00:00,0000320193-25-000034,xslF345X05/wk-form4_1740699250.xml,4,AAPL
2025-02-27,2025-02-27 23:33:20+00:00,0000320193-25-000033,xslF345X05/wk-form4_1740699194.xml,4,AAPL
2025-02-27,2025-02-27 23:32:35+00:00,0000320193-25-000032,xslF345X05/wk-form4_1740699149.xml,4,AAPL
2025-02-27,2025-02-27 23:31:50+00:00,0000320193-25-000031,xslF345X05/wk-form4_1740699102.xml,4,AAPL
2025-02-27,2025-02-27 23:30:50+00:00,0000320193-25-000030,xslF345X05/wk-form4_1740699044.xml,4,AAPL
2025-02-04,2025-02-04 23:35:59+00:00,0000320193-25-000022,xslF345X05/wk-form4_1738712153.xml,4,AAPL
2025-02-04,2025-02-04 23:35:07+00:00,0000320193-25-000021,xslF345X05/wk-form4_1738712099.xml,4,AAPL
2025-02-04,2025-02-04 23:34:04+00:00,0000320193-25-000020,xslF345X05/wk-form4_1738712037.xml,4,AAPL
2025-02-04,2025-02-04 23:33:25+00:00,0000320193-25-000019,xslF345X05/wk-form4_1738711997.xml,4,AAPL
2025-02-04,2025-02-04 23:32:42+00:00,0000320193-25-000018,xslF345X05/wk-form4_1738711956.xml,4,AAPL
2025-02-04,2025-02-04 23:32:08+00:00,0000320193-25-000017,xslF345X05/wk-form4_1738711922.xml,4,AAPL
2025-02-04,2025-02-04 23:31:18+00:00,0000320193-25-000016,xslF345X05/wk-form4_1738711872.xml,4,AAPL
2024-12-18,2024-12-18 23:30:20+00:00,0000320193-24-000132,xslF345X05/wk-form4_1734564614.xml,4,AAPL
2024-11-19,2024-11-19 23:31:42+00:00,0000320193-24-000130,xslF345X05/wk-form4_1732059096.xml,4,AAPL
2024-11-19,2024-11-19 23:30:49+00:00,0000320193-24-000129,xslF345X05/wk-form4_1732059042.xml,4,AAPL
2024-11-07,2024-11-07 23:30:16+00:00,0000320193-24-000126,xslF345X05/wk-form4_1731022209.xml,4,AAPL
2024-10-17,2024-10-17 22:30:18+00:00,0000320193-24-000116,xslF345X05/wk-form4_1729204211.xml,4,AAPL
2024-10-08,2024-10-08 22:30:13+00:00,0000320193-24-000114,xslF345X05/wk-form4_1728426607.xml,4,AAPL
2024-10-03,2024-10-03 22:31:01+00:00,0000320193-24-000112,xslF345X05/wk-form4_1727994654.xml,4,AAPL
2024-10-03,2024-10-03 22:30:50+00:00,0000320193-24-000111,xslF345X05/wk-form4_1727994644.xml,4,AAPL
2024-10-03,2024-10-03 22:30:40+00:00,0000320193-24-000110,xslF345X05/wk-form4_1727994634.xml,4,AAPL
2024-10-03,2024-10-03 22:30:30+00:00,0000320193-24-000109,xslF345X05/wk-form4_1727994624.xml,4,AAPL
2024-10-03,2024-10-03 22:30:20+00:00,0000320193-24-000108,xslF345X05/wk-form4_1727994612.xml,4,AAPL
2024-10-01,2024-10-01 22:34:48+00:00,0000320193-24-000101,xslF345X05/wk-form4_1727822082.xml,4,AAPL
2024-10-01,2024-10-01 22:34:06+00:00,0000320193-24-000100,xslF345X05/wk-form4_1727822040.xml,4,AAPL
2024-10-01,2024-10-01 22:33:22+00:00,0000320193-24-000099,xslF345X05/wk-form4_1727821995.xml,4,AAPL
2024-10-01,2024-10-01 22:32:34+00:00,0000320193-24-000098,xslF345X05/wk-form4_1727821948.xml,4,AAPL
2024-10-01,2024-10-01 22:31:49+00:00,0000320193-24-000097,xslF345X05/wk-form4_1727821902.xml,4,AAPL
2024-10-01,2024-10-01 22:30:45+00:00,0000320193-24-000096,xslF345X05/wk-form4_1727821838.xml,4,AAPL
2024-08-19,2024-08-19 22:30:16+00:00,0000320193-24-000088,xslF345X05/wk-form4_1724106610.xml,4,AAPL
2024-08-13,2024-08-13 23:02:12+00:00,0000320193-24-000086,xslF345X05/wk-form4_1723590126.xml,4,AAPL
2024-08-07,2024-08-07 22:30:15+00:00,0000320193-24-000084,xslF345X05/wk-form4_1723069808.xml,4,AAPL
2024-06-03,2024-06-03 22:31:26+00:00,0000320193-24-000075,xslF345X05/wk-form4_1717453877.xml,4,AAPL
2024-05-17,2024-05-17 22:30:33+00:00,0000320193-24-000073,xslF345X05/wk-form4_1715985021.xml,4,AAPL
2024-05-14,2024-05-14 22:30:21+00:00,0000320193-24-000071,xslF345X05/wk-form4_1715725806.xml,4,AAPL
2024-04-17,2024-04-17 22:30:52+00:00,0000320193-24-000058,xslF345X05/wk-form4_1713393040.xml,4,AAPL
2024-04-15,2024-04-15 22:31:11+00:00,0000320193-24-000056,xslF345X05/wk-form4_1713220262.xml,4,AAPL
2024-04-15,2024-04-15 22:30:24+00:00,0000320193-24-000055,xslF345X05/wk-form4_1713220215.xml,4,AAPL
2024-04-03,2024-04-03 22:34:04+00:00,0000320193-24-000052,xslF345X05/wk-form4_1712183631.xml,4,AAPL
2024-04-03,2024-04-03 22:33:14+00:00,0000320193-24-000051,xslF345X05/wk-form4_1712183580.xml,4,AAPL
2024-04-03,2024-04-03 22:32:26+00:00,0000320193-24-000050,xslF345X05/wk-form4_1712183535.xml,4,AAPL
2024-04-03,2024-04-03 22:31:43+00:00,0000320193-24-000049,xslF345X05/wk-form4_1712183493.xml,4,AAPL
2024-04-03,2024-04-03 22:30:48+00:00,0000320193-24-000048,xslF345X05/wk-form4_1712183434.xml,4,AAPL
2024-03-01,2024-03-01 23:36:45+00:00,0000320193-24-000039,xslF345X05/wk-form4_1709336196.xml,4,AAPL
2024-03-01,2024-03-01 23:36:08+00:00,0000320193-24-000038,xslF345X05/wk-form4_1709336160.xml,4,AAPL
2024-03-01,2024-03-01 23:35:22+00:00,0000320193-24-000037,xslF345X05/wk-form4_1709336113.xml,4,AAPL
2024-03-01,2024-03-01 23:34:41+00:00,0000320193-24-000036,xslF345X05/wk-form4_1709336072.xml,4,AAPL
2024-03-01,2024-03-01 23:33:38+00:00,0000320193-24-000035,xslF345X05/wk-form4_1709336002.xml,4,AAPL
2024-03-01,2024-03-01 23:32:45+00:00,0000320193-24-000034,xslF345X05/wk-form4_1709335956.xml,4,AAPL
2024-03-01,2024-03-01 23:31:56+00:00,0000320193-24-000033,xslF345X05/wk-form4_1709335906.xml,4,AAPL
2024-02-05,2024-02-05 23:37:14+00:00,0000320193-24-000022,xslF345X05/wk-form4_1707176223.xml,4,AAPL
2024-02-05,2024-02-05 23:36:34+00:00,0000320193-24-000021,xslF345X05/wk-form4_1707176183.xml,4,AAPL
2024-02-05,2024-02-05 23:35:52+00:00,0000320193-24-000020,xslF345X05/wk-form4_1707176141.xml,4,AAPL
2024-02-05,2024-02-05 23:34:56+00:00,0000320193-24-000019,xslF345X05/wk-form4_1707176086.xml,4,AAPL
2024-02-05,2024-02-05 23:34:02+00:00,0000320193-24-000018,xslF345X05/wk-form4_1707176011.xml,4,AAPL
2024-02-05,2024-02-05 23:32:54+00:00,0000320193-24-000017,xslF345X05/wk-form4_1707175959.xml,4,AAPL
2024-02-05,2024-02-05 23:32:04+00:00,0000320193-24-000016,xslF345X05/wk-form4_1707175909.xml,4,AAPL
2024-02-05,2024-02-05 23:31:06+00:00,0000320193-24-000015,xslF345X05/wk-form4_1707175857.xml,4,AAPL
2023-12-01,2023-12-01 23:32:18+00:00,0000320193-23-000113,xslF345X05/wk-form4_1701473530.xml,4,AAPL
2023-11-20,2023-11-20 23:31:21+00:00,0000320193-23-000111,xslF345X05/wk-form4_1700523067.xml,4,AAPL
2023-11-14,2023-11-14 23:31:09+00:00,0000320193-23-000109,xslF345X05/wk-form4_1700004649.xml,4,AAPL
2023-10-17,2023-10-17 22:30:48+00:00,0000320193-23-000099,xslF345X05/wk-form4_1697581839.xml,4,AAPL
2023-10-10,2023-10-10 22:31:19+00:00,0000320193-23-000097,xslF345X05/wk-form4_1696977071.xml,4,AAPL
2023-10-10,2023-10-10 22:30:21+00:00,0000320193-23-000096,xslF345X05/wk-form4_1696977012.xml,4,AAPL
2023-10-03,2023-10-04 01:09:17+00:00,0000320193-23-000093,xslF345X05/wk-form4_1696381746.xml,4,AAPL
2023-10-03,2023-10-04 01:08:18+00:00,0000320193-23-000092,xslF345X05/wk-form4_1696381688.xml,4,AAPL
2023-10-03,2023-10-04 01:06:55+00:00,0000320193-23-000091,xslF345X05/wk-form4_1696381604.xml,4,AAPL
2023-10-03,2023-10-04 01:05:22+00:00,0000320193-23-000090,xslF345X05/wk-form4_1696381514.xml,4,AAPL
2023-10-03,2023-10-04 01:04:27+00:00,0000320193-23-000089,xslF345X05/wk-form4_1696381457.xml,4,AAPL
2023-10-03,2023-10-04 01:02:35+00:00,0000320193-23-000088,xslF345X05/wk-form4_1696381345.xml,4,AAPL
2023-09-19,2023-09-19 22:30:26+00:00,0000320193-23-000081,xslF345X05/wk-form4_1695162617.xml,4,AAPL
2023-08-08,2023-08-08 22:30:28+00:00,0000320193-23-000079,xslF345X05/wk-form4_1691533817.xml,4,AAPL
2023-05-18,2023-05-18 22:32:21+00:00,0000320193-23-000070,xslF345X04/wf-form4_168444912415136.xml,4,AAPL
2023-05-12,2023-05-12 22:30:34+00:00,0000320193-23-000068,xslF345X04/wf-form4_168393061463065.xml,4,AAPL
2023-05-10,2023-05-10 22:30:22+00:00,0000320193-23-000066,xslF345X04/wf-form4_168375780902324.xml,4,AAPL
2023-04-18,2023-04-18 22:31:39+00:00,0000320193-23-000057,xslF345X04/wf-form4_168185708431590.xml,4,AAPL
2023-04-17,2023-04-17 22:31:10+00:00,0000320193-23-000055,xslF345X04/wf-form4_168177065948283.xml,4,AAPL
2023-04-10,2023-04-10 22:30:24+00:00,0000320193-23-000053,xslF345X04/wf-form4_168116581286812.xml,4,AAPL
2023-04-04,2023-04-04 22:34:40+00:00,0000320193-23-000051,xslF345X04/wf-form4_168064766485466.xml,4,AAPL
2023-04-04,2023-04-04 22:33:48+00:00,0000320193-23-000050,xslF345X04/wf-form4_168064761527635.xml,4,AAPL
2023-04-04,2023-04-04 22:32:43+00:00,0000320193-23-000049,xslF345X04/wf-form4_168064754806371.xml,4,AAPL
2023-04-04,2023-04-04 22:31:55+00:00,0000320193-23-000048,xslF345X04/wf-form4_168064750462974.xml,4,AAPL
2023-04-04,2023-04-04 22:31:03+00:00,0000320193-23-000047,xslF345X04/wf-form4_168064745080973.xml,4,AAPL
2023-03-24,2023-03-24 22:31:12+00:00,0000320193-23-000040,xslF345X04/wf-form4_167969705479427.xml,4,AAPL
2023-03-14,2023-03-14 22:35:39+00:00,0000320193-23-000038,xslF345X03/wf-form4_167883332720098.xml,4,AAPL
2023-03-14,2023-03-14 22:35:04+00:00,0000320193-23-000037,xslF345X03/wf-form4_167883328933055.xml,4,AAPL
2023-03-14,2023-03-14 22:34:23+00:00,0000320193-23-000036,xslF345X03/wf-form4_167883325244111.xml,4,AAPL
2023-03-14,2023-03-14 22:33:41+00:00,0000320193-23-000035,xslF345X03/wf-form4_167883321069337.xml,4,AAPL
2023-03-14,2023-03-14 22:33:01+00:00,0000320193-23-000034,xslF345X03/wf-form4_167883316975236.xml,4,AAPL
2023-03-14,2023-03-14 22:31:58+00:00,0000320193-23-000033,xslF345X03/wf-form4_167883310220723.xml,4,AAPL
2023-03-14,2023-03-14 22:31:21+00:00,0000320193-23-000032,xslF345X03/wf-form4_167883306952487.xml,4,AAPL
2023-03-14,2023-03-14 22:30:52+00:00,0000320193-23-000031,xslF345X03/wf-form4_167883304133328.xml,4,AAPL
2023-02-03,2023-02-03 23:38:12+00:00,0000320193-23-000022,xslF345X03/wf-form4_167546747536649.xml,4,AAPL
2023-02-03,2023-02-03 23:37:19+00:00,0000320193-23-000021,xslF345X03/wf-form4_167546742335512.xml,4,AAPL
2023-02-03,2023-02-03 23:36:23+00:00,0000320193-23-000020,xslF345X03/wf-form4_167546736542524.xml,4,AAPL
2023-02-03,2023-02-03 23:35:24+00:00,0000320193-23-000019,xslF345X03/wf-form4_167546729886985.xml,4,AAPL
2023-02-03,2023-02-03 23:34:25+00:00,0000320193-23-000018,xslF345X03/wf-form4_167546724839309.xml,4,AAPL
2023-02-03,2023-02-03 23:33:10+00:00,0000320193-23-000017,xslF345X03/wf-form4_167546717269434.xml,4,AAPL
2023-02-03,2023-02-03 23:32:10+00:00,0000320193-23-000016,xslF345X03/wf-form4_167546711444862.xml,4,AAPL
2023-02-03,2023-02-03 23:31:15+00:00,0000320193-23-000015,xslF345X03/wf-form4_167546705890329.xml,4,AAPL
2022-11-23,2022-11-23 23:30:27+00:00,0000320193-22-000113,xslF345X03/wf-form4_166924620985339.xml,4,AAPL
2022-11-01,2022-11-01 22:30:34+00:00,0000320193-22-000111,xslF345X03/wf-form4_166734181374173.xml,4,AAPL
2022-10-18,2022-10-18 22:33:15+00:00,0000320193-22-000102,xslF345X03/wf-form4_166613234346671.xml,4,AAPL
2022-10-18,2022-10-18 22:31:41+00:00,0000320193-22-000101,xslF345X03/wf-form4_166613226881196.xml,4,AAPL
2022-10-04,2022-10-05 02:05:07+00:00,0000320193-22-000097,xslF345X03/wf-form4_166493494107053.xml,4,AAPL
2022-10-04,2022-10-05 02:02:25+00:00,0000320193-22-000095,xslF345X03/wf-form4_166493432440801.xml,4,AAPL
2022-10-04,2022-10-05 01:57:57+00:00,0000320193-22-000096,xslF345X03/wf-form4_166493485929155.xml,4,AAPL
2022-10-04,2022-10-05 01:57:10+00:00,0000320193-22-000098,xslF345X03/wf-form4_166493500034922.xml,4,AAPL
2022-09-27,2022-09-28 01:51:33+00:00,0000320193-22-000090,xslF345X03/wf-form4_166432987613616.xml,4,AAPL
2022-09-27,2022-09-28 01:50:27+00:00,0000320193-22-000089,xslF345X03/wf-form4_166432981128707.xml,4,AAPL
2022-09-27,2022-09-28 01:49:11+00:00,0000320193-22-000088,xslF345X03/wf-form4_166432973592639.xml,4,AAPL
2022-09-27,2022-09-28 01:48:06+00:00,0000320193-22-000087,xslF345X03/wf-form4_166432966938808.xml,4,AAPL
2022-09-27,2022-09-28 01:46:50+00:00,0000320193-22-000086,xslF345X03/wf-form4_166432958917508.xml,4,AAPL
2022-09-27,2022-09-28 01:45:49+00:00,0000320193-22-000085,xslF345X03/wf-form4_166432952647630.xml,4,AAPL
2022-08-22,2022-08-22 22:43:18+00:00,0000320193-22-000078,xslF345X03/wf-form4a_166120817922787.xml,4/A,AAPL
2022-08-19,2022-08-19 22:30:27+00:00,0000320193-22-000076,xslF345X03/wf-form4_166094821148314.xml,4,AAPL
2022-08-09,2022-08-09 22:31:05+00:00,0000320193-22-000074,xslF345X03/wf-form4_166008422355199.xml,4,AAPL
2022-08-05,2022-08-05 22:30:49+00:00,0000320193-22-000072,xslF345X03/wf-form4_165973862846098.xml,4,AAPL
2022-05-13,2022-05-13 22:31:28+00:00,0000320193-22-000063,xslF345X03/wf-form4_165248105838188.xml,4,AAPL
2022-05-06,2022-05-06 22:30:57+00:00,0000320193-22-000061,xslF345X03/wf-form4_165187623819106.xml,4,AAPL
2022-04-19,2022-04-19 22:31:54+00:00,0000320193-22-000053,xslF345X03/wf-form4_165040749395911.xml,4,AAPL
2022-04-19,2022-04-19 22:30:44+00:00,0000320193-22-000052,xslF345X03/wf-form4_165040742689204.xml,4,AAPL
2022-04-05,2022-04-05 22:33:35+00:00,0000320193-22-000049,xslF345X03/wf-form4_164919799612317.xml,4,AAPL
2022-04-05,2022-04-05 22:32:41+00:00,0000320193-22-000048,xslF345X03/wf-form4_164919793500496.xml,4,AAPL
2022-04-05,2022-04-05 22:31:42+00:00,0000320193-22-000047,xslF345X03/wf-form4_164919788707106.xml,4,AAPL
2022-04-05,2022-04-05 22:30:46+00:00,0000320193-22-000046,xslF345X03/wf-form4_164919783103450.xml,4,AAPL
2022-03-08,2022-03-08 23:37:38+00:00,0000320193-22-000041,xslF345X03/wf-form4_164678264350913.xml,4,AAPL
2022-03-08,2022-03-08 23:36:47+00:00,0000320193-22-000040,xslF345X03/wf-form4_164678259356672.xml,4,AAPL
2022-03-08,2022-03-08 23:35:52+00:00,0000320193-22-000039,xslF345X03/wf-form4_164678253465583.xml,4,AAPL
2022-03-08,2022-03-08 23:35:01+00:00,0000320193-22-000038,xslF345X03/wf-form4_164678248157775.xml,4,AAPL
2022-03-08,2022-03-08 23:34:04+00:00,0000320193-22-000037,xslF345X03/wf-form4_164678242279764.xml,4,AAPL
2022-03-08,2022-03-08 23:33:09+00:00,0000320193-22-000036,xslF345X03/wf-form4_164678236531567.xml,4,AAPL
2022-03-08,2022-03-08 23:32:05+00:00,0000320193-22-000035,xslF345X03/wf-form4_164678229722183.xml,4,AAPL
2022-03-08,2022-03-08 23:30:58+00:00,0000320193-22-000034,xslF345X03/wf-form4_164678223741209.xml,4,AAPL
2022-02-07,2022-02-07 23:30:37+00:00,0000320193-22-000025,xslF345X03/wf-form4_164427662367600.xml,4,AAPL
2022-02-03,2022-02-03 23:39:01+00:00,0000320193-22-000023,xslF345X03/wf-form4_164393152667942.xml,4,AAPL
2022-02-03,2022-02-03 23:38:05+00:00,0000320193-22-000022,xslF345X03/wf-form4_164393146754706.xml,4,AAPL
2022-02-03,2022-02-03 23:36:48+00:00,0000320193-22-000021,xslF345X03/wf-form4_164393139518938.xml,4,AAPL
2022-02-03,2022-02-03 23:35:50+00:00,0000320193-22-000020,xslF345X03/wf-form4_164393133439643.xml,4,AAPL
2022-02-03,2022-02-03 23:34:28+00:00,0000320193-22-000019,xslF345X03/wf-form4_164393124898522.xml,4,AAPL
2022-02-03,2022-02-03 23:33:24+00:00,0000320193-22-000018,xslF345X03/wf-form4_164393117233036.xml,4,AAPL
2022-02-03,2022-02-03 23:31:58+00:00,0000320193-22-000017,xslF345X03/wf-form4_164393109986560.xml,4,AAPL
2022-02-03,2022-02-03 23:30:57+00:00,0000320193-22-000016,xslF345X03/wf-form4_164393104282208.xml,4,AAPL
2021-11-16,2021-11-16 23:30:25+00:00,0000320193-21-000114,xslF345X03/wf-form4_163710541081314.xml,4,AAPL
2021-11-12,2021-11-12 23:32:23+00:00,0000320193-21-000112,xslF345X03/wf-form4_163675992058856.xml,4,AAPL
2021-11-03,2021-11-03 22:31:28+00:00,0000320193-21-000108,xslF345X03/wf-form4_163597867263388.xml,4,AAPL
2021-10-21,2021-10-21 22:30:48+00:00,0000320193-21-000099,xslF345X03/wf-form4_163485542776887.xml,4,AAPL
2021-10-19,2021-10-19 22:31:45+00:00,0000320193-21-000097,xslF345X03/wf-form4_163468269006289.xml,4,AAPL
2021-10-19,2021-10-19 22:30:40+00:00,0000320193-21-000096,xslF345X03/wf-form4_163468261390808.xml,4,AAPL
2021-10-05,2021-10-05 22:44:42+00:00,0000320193-21-000093,xslF345X03/wf-form4_163347386959085.xml,4,AAPL
2021-10-05,2021-10-05 22:43:32+00:00,0000320193-21-000092,xslF345X03/wf-form4_163347379860494.xml,4,AAPL
2021-10-05,2021-10-05 22:42:30+00:00,0000320193-21-000091,xslF345X03/wf-form4_163347373433784.xml,4,AAPL
2021-10-05,2021-10-05 22:32:11+00:00,0000320193-21-000090,xslF345X03/wf-form4_163347311336788.xml,4,AAPL
2021-09-28,2021-09-28 22:35:35+00:00,0000320193-21-000085,xslF345X03/wf-form4_163286851816033.xml,4,AAPL
2021-09-28,2021-09-28 22:34:53+00:00,0000320193-21-000084,xslF345X03/wf-form4_163286847648313.xml,4,AAPL
2021-09-28,2021-09-28 22:34:05+00:00,0000320193-21-000083,xslF345X03/wf-form4_163286842980488.xml,4,AAPL
2021-09-28,2021-09-28 22:33:21+00:00,0000320193-21-000082,xslF345X03/wf-form4_163286838690995.xml,4,AAPL
2021-09-28,2021-09-28 22:32:38+00:00,0000320193-21-000081,xslF345X03/wf-form4_163286834378268.xml,4,AAPL
2021-09-28,2021-09-28 22:30:56+00:00,0000320193-21-000080,xslF345X03/wf-form4_163286823606839.xml,4,AAPL
2021-08-26,2021-08-26 22:30:46+00:00,0000320193-21-000073,xslF345X03/wf-form4_163001701613155.xml,4,AAPL
2021-08-24,2021-08-24 22:31:03+00:00,0000320193-21-000071,xslF345X03/wf-form4_162984422696515.xml,4,AAPL
2021-08-09,2021-08-09 22:30:51+00:00,0000320193-21-000069,xslF345X03/wf-form4_162854822510730.xml,4,AAPL
2021-08-04,2021-08-04 22:30:53+00:00,0000320193-21-000067,xslF345X03/wf-form4_162811622543495.xml,4,AAPL
2021-05-05,2021-05-05 22:31:41+00:00,0000320193-21-000060,xslF345X03/wf-form4_162025388592461.xml,4,AAPL
2021-05-05,2021-05-05 22:30:33+00:00,0000320193-21-000059,xslF345X03/wf-form4_162025381465785.xml,4,AAPL
2021-04-19,2021-04-19 22:31:41+00:00,0000320193-21-000050,xslF345X03/wf-form4_161887148361718.xml,4,AAPL
2021-04-19,2021-04-19 22:30:35+00:00,0000320193-21-000049,xslF345X03/wf-form4_161887141797206.xml,4,AAPL
2021-04-05,2021-04-05 22:36:12+00:00,0000320193-21-000046,xslF345X03/wf-form4_161766207883637.xml,4,AAPL
2021-04-05,2021-04-05 22:33:59+00:00,0000320193-21-000045,xslF345X03/wf-form4_161766194119040.xml,4,AAPL
2021-04-05,2021-04-05 22:31:35+00:00,0000320193-21-000044,xslF345X03/wf-form4_161766181877540.xml,4,AAPL
2021-02-25,2021-02-25 23:37:44+00:00,0000320193-21-000040,xslF345X03/wf-form4_161429622893015.xml,4,AAPL
2021-02-25,2021-02-25 23:36:06+00:00,0000320193-21-000039,xslF345X03/wf-form4_161429614827041.xml,4,AAPL
2021-02-25,2021-02-25 23:35:13+00:00,0000320193-21-000038,xslF345X03/wf-form4_161429609463628.xml,4,AAPL
2021-02-25,2021-02-25 23:34:22+00:00,0000320193-21-000037,xslF345X03/wf-form4_161429604194177.xml,4,AAPL
2021-02-25,2021-02-25 23:33:23+00:00,0000320193-21-000036,xslF345X03/wf-form4_161429598243346.xml,4,AAPL
2021-02-25,2021-02-25 23:32:20+00:00,0000320193-21-000035,xslF345X03/wf-form4_161429591861303.xml,4,AAPL
2021-02-25,2021-02-25 23:31:08+00:00,0000320193-21-000034,xslF345X03/wf-form4_161429585074371.xml,4,AAPL
2021-02-03,2021-02-03 23:39:29+00:00,0000320193-21-000026,xslF345X03/wf-form4_161239555356050.xml,4,AAPL
2021-02-03,2021-02-03 23:38:22+00:00,0000320193-21-000025,xslF345X03/wf-form4_161239548384646.xml,4,AAPL
2021-02-03,2021-02-03 23:37:28+00:00,0000320193-21-000024,xslF345X03/wf-form4_161239542324805.xml,4,AAPL
2021-02-03,2021-02-03 23:36:19+00:00,0000320193-21-000023,xslF345X03/wf-form4_161239535474705.xml,4,AAPL
2021-02-03,2021-02-03 23:34:56+00:00,0000320193-21-000022,xslF345X03/wf-form4_161239528138893.xml,4,AAPL
2021-02-03,2021-02-03 23:33:44+00:00,0000320193-21-000021,xslF345X03/wf-form4_161239515778792.xml,4,AAPL
2021-02-03,2021-02-03 23:31:51+00:00,0000320193-21-000020,xslF345X03/wf-form4_161239509434831.xml,4,AAPL
2021-02-03,2021-02-03 23:30:45+00:00,0000320193-21-000019,xslF345X03/wf-form4_161239502964926.xml,4,AAPL
2021-01-05,2021-01-05 23:33:11+00:00,0000320193-21-000004,xslF345X03/wf-form4_160988957683472.xml,4,AAPL
2020-11-17,2020-11-17 23:30:43+00:00,0000320193-20-000101,xslF345X03/wf-form4_160565582610158.xml,4,AAPL
2020-11-05,2020-11-05 23:30:55+00:00,0000320193-20-000099,xslF345X03/wf-form4_160461904119340.xml,4,AAPL
2020-10-19,2020-10-19 22:32:33+00:00,0000320193-20-000090,xslF345X03/wf-form4_160314673986899.xml,4,AAPL
2020-10-19,2020-10-19 22:30:33+00:00,0000320193-20-000089,xslF345X03/wf-form4_160314661733333.xml,4,AAPL
2020-10-13,2020-10-13 22:30:27+00:00,0000320193-20-000086,xslF345X03/wf-form4_160262821333467.xml,4,AAPL
2020-10-05,2020-10-05 22:33:56+00:00,0000320193-20-000084,xslF345X03/wf-form4_160193720275669.xml,4,AAPL
2020-10-05,2020-10-05 22:32:48+00:00,0000320193-20-000083,xslF345X03/wf-form4_160193715587800.xml,4,AAPL
2020-10-05,2020-10-05 22:30:48+00:00,0000320193-20-000082,xslF345X03/wf-form4_160193701297920.xml,4,AAPL
2020-09-29,2020-09-29 22:36:50+00:00,0000320193-20-000078,xslF345X03/wf-form4_160141899239637.xml,4,AAPL
2020-09-29,2020-09-29 22:35:51+00:00,0000320193-20-000077,xslF345X03/wf-form4_160141893471775.xml,4,AAPL
2020-09-29,2020-09-29 22:35:05+00:00,0000320193-20-000076,xslF345X03/wf-form4_160141889148665.xml,4,AAPL
2020-09-29,2020-09-29 22:34:16+00:00,0000320193-20-000075,xslF345X03/wf-form4_160141884313005.xml,4,AAPL
2020-09-29,2020-09-29 22:33:25+00:00,0000320193-20-000074,xslF345X03/wf-form4_160141879027128.xml,4,AAPL
2020-09-29,2020-09-29 22:30:47+00:00,0000320193-20-000073,xslF345X03/wf-form4_160141863355452.xml,4,AAPL
2020-08-25,2020-08-25 22:45:23+00:00,0000320193-20-000066,xslF345X03/wf-form4_159839550969947.xml,4,AAPL
2020-08-24,2020-08-24 22:31:05+00:00,0000320193-20-000064,xslF345X03/wf-form4_159830825188983.xml,4,AAPL
2020-05-12,2020-05-12 22:30:32+00:00,0000320193-20-000056,xslF345X03/wf-form4_158932261319105.xml,4,AAPL
2020-04-30,2020-05-01 01:30:05+00:00,0000320193-20-000054,xslF345X03/wf-form4_158829658358801.xml,4,AAPL
2020-04-17,2020-04-17 22:31:43+00:00,0000320193-20-000045,xslF345X03/wf-form4_158716268511263.xml,4,AAPL
2020-04-17,2020-04-17 22:30:46+00:00,0000320193-20-000044,xslF345X03/wf-form4_158716262832690.xml,4,AAPL
2020-04-09,2020-04-09 22:30:47+00:00,0000320193-20-000041,xslF345X03/wf-form4_158647142758084.xml,4,AAPL
2020-04-03,2020-04-03 22:31:43+00:00,0000320193-20-000039,xslF345X03/wf-form4_158595308536827.xml,4,AAPL
2020-04-03,2020-04-03 22:30:47+00:00,0000320193-20-000038,xslF345X03/wf-form4_158595302992961.xml,4,AAPL
2020-02-28,2020-02-28 23:37:09+00:00,0000320193-20-000035,xslF345X03/wf-form4_158293300685250.xml,4,AAPL
2020-02-28,2020-02-28 23:35:51+00:00,0000320193-20-000034,xslF345X03/wf-form4_158293293482087.xml,4,AAPL
2020-02-28,2020-02-28 23:34:43+00:00,0000320193-20-000033,xslF345X03/wf-form4_158293286599770.xml,4,AAPL
2020-02-28,2020-02-28 23:33:24+00:00,0000320193-20-000032,xslF345X03/wf-form4_158293278709070.xml,4,AAPL
2020-02-28,2020-02-28 23:32:24+00:00,0000320193-20-000031,xslF345X03/wf-form4_158293272634137.xml,4,AAPL
2020-02-28,2020-02-28 23:31:19+00:00,0000320193-20-000030,xslF345X03/wf-form4_158293266204383.xml,4,AAPL
2020-02-04,2020-02-04 23:36:40+00:00,0000320193-20-000023,xslF345X03/wf-form4_158085938309797.xml,4,AAPL
2020-02-04,2020-02-04 23:35:50+00:00,0000320193-20-000022,xslF345X03/wf-form4_158085933339951.xml,4,AAPL
2020-02-04,2020-02-04 23:34:47+00:00,0000320193-20-000021,xslF345X03/wf-form4_158085927075591.xml,4,AAPL
2020-02-04,2020-02-04 23:33:46+00:00,0000320193-20-000020,xslF345X03/wf-form4_158085920919420.xml,4,AAPL
2020-02-04,2020-02-04 23:32:48+00:00,0000320193-20-000019,xslF345X03/wf-form4_158085915125497.xml,4,AAPL
2020-02-04,2020-02-04 23:32:01+00:00,0000320193-20-000018,xslF345X03/wf-form4_158085910047342.xml,4,AAPL
2020-01-29,2020-01-29 23:30:36+00:00,0000320193-20-000011,xslF345X03/wf-form4_158034061831540.xml,4,AAPL
2020-01-02,2020-01-02 23:31:18+00:00,0000320193-20-000002,xslF345X03/wf-form4_157800786035380.xml,4,AAPL
2019-11-14,2019-11-14 23:31:03+00:00,0000320193-19-000123,xslF345X03/wf-form4_157377424820890.xml,4,AAPL
2019-11-07,2019-11-07 23:30:21+00:00,0000320193-19-000121,xslF345X03/wf-form4_157316940649990.xml,4,AAPL
2019-10-17,2019-10-17 22:32:58+00:00,0000320193-19-000113,xslF345X03/wf-form4_157135154697018.xml,4,AAPL
2019-10-17,2019-10-17 22:31:19+00:00,0000320193-19-000112,xslF345X03/wf-form4_157135144806488.xml,4,AAPL
2019-10-09,2019-10-09 22:32:27+00:00,0000320193-19-000109,xslF345X03/wf-form4_157066032478147.xml,4,AAPL
2019-10-03,2019-10-03 22:33:22+00:00,0000320193-19-000107,xslF345X03/wf-form4_157014197957378.xml,4,AAPL
2019-10-03,2019-10-03 22:31:27+00:00,0000320193-19-000106,xslF345X03/wf-form4_157014186524822.xml,4,AAPL
2019-10-01,2019-10-01 22:34:59+00:00,0000320193-19-000103,xslF345X03/wf-form4_156996927774723.xml,4,AAPL
2019-10-01,2019-10-01 22:33:57+00:00,0000320193-19-000102,xslF345X03/wf-form4_156996921603511.xml,4,AAPL
2019-10-01,2019-10-01 22:32:52+00:00,0000320193-19-000101,xslF345X03/wf-form4_156996915065922.xml,4,AAPL
2019-10-01,2019-10-01 22:31:55+00:00,0000320193-19-000100,xslF345X03/wf-form4_156996908478756.xml,4,AAPL
2019-10-01,2019-10-01 22:30:45+00:00,0000320193-19-000099,xslF345X03/wf-form4_156996902282904.xml,4,AAPL
2019-08-27,2019-08-27 22:30:31+00:00,0000320193-19-000090,xslF345X03/wf-form4_156694501621463.xml,4,AAPL
2019-08-26,2019-08-26 20:31:31+00:00,0000320193-19-000088,xslF345X03/wf-form4_156685147551694.xml,4,AAPL
2019-08-14,2019-08-14 22:30:39+00:00,0000320193-19-000086,xslF345X03/wf-form4_156582182214854.xml,4,AAPL
2019-08-05,2019-08-05 22:33:25+00:00,0000320193-19-000082,xslF345X03/wf-form4_156504439014885.xml,4,AAPL
2019-08-05,2019-08-05 22:32:34+00:00,0000320193-19-000081,xslF345X03/wf-form4_156504433855286.xml,4,AAPL
2019-08-05,2019-08-05 22:31:27+00:00,0000320193-19-000080,xslF345X03/wf-form4_156504427145036.xml,4,AAPL
2019-05-07,2019-05-07 22:30:52+00:00,0000320193-19-000070,xslF345X03/wf-form4_155726823464315.xml,4,AAPL
2019-05-06,2019-05-06 22:30:58+00:00,0000320193-19-000069,xslF345X03/wf-form4_155718184308434.xml,4,AAPL
2019-04-17,2019-04-17 22:34:15+00:00,0000320193-19-000060,xslF345X03/wf-form4_155554044049297.xml,4,AAPL
2019-04-17,2019-04-17 22:33:00+00:00,0000320193-19-000059,xslF345X03/wf-form4_155554036612827.xml,4,AAPL
2019-04-09,2019-04-09 22:30:48+00:00,0000320193-19-000054,xslF345X03/wf-form4_155484903395532.xml,4,AAPL
2019-04-03,2019-04-03 22:31:49+00:00,0000320193-19-000052,xslF345X03/wf-form4_155433069460529.xml,4,AAPL
2019-04-03,2019-04-03 22:30:46+00:00,0000320193-19-000051,xslF345X03/wf-form4_155433063141322.xml,4,AAPL
2019-03-05,2019-03-05 23:36:08+00:00,0000320193-19-000046,xslF345X03/wf-form4_155182895326790.xml,4,AAPL
2019-03-05,2019-03-05 23:35:06+00:00,0000320193-19-000045,xslF345X03/wf-form4_155182889283168.xml,4,AAPL
2019-03-05,2019-03-05 23:34:05+00:00,0000320193-19-000044,xslF345X03/wf-form4_155182883124053.xml,4,AAPL
2019-03-05,2019-03-05 23:32:54+00:00,0000320193-19-000043,xslF345X03/wf-form4_155182876082716.xml,4,AAPL
2019-03-05,2019-03-05 23:31:46+00:00,0000320193-19-000042,xslF345X03/wf-form4_155182869211407.xml,4,AAPL
2019-03-05,2019-03-05 23:30:32+00:00,0000320193-19-000041,xslF345X03/wf-form4_155182861814144.xml,4,AAPL
2019-03-05,2019-03-05 23:29:19+00:00,0000320193-19-000040,xslF345X03/wf-form4_155182854534604.xml,4,AAPL
2019-02-07,2019-02-07 23:42:59+00:00,0000320193-19-000030,xslF345X03/wf-form4_154958296589351.xml,4,AAPL
2019-02-05,2019-02-05 23:41:02+00:00,0000320193-19-000024,xslF345X03/wf-form4_154941004809567.xml,4,AAPL
2019-02-05,2019-02-05 23:40:01+00:00,0000320193-19-000023,xslF345X03/wf-form4_154940998460508.xml,4,AAPL
2019-02-05,2019-02-05 23:38:57+00:00,0000320193-19-000022,xslF345X03/wf-form4_154940992221908.xml,4,AAPL
2019-02-05,2019-02-05 23:37:45+00:00,0000320193-19-000021,xslF345X03/wf-form4_154940984777970.xml,4,AAPL
2019-02-05,2019-02-05 23:36:38+00:00,0000320193-19-000020,xslF345X03/wf-form4_154940978487594.xml,4,AAPL
2019-02-05,2019-02-05 23:35:33+00:00,0000320193-19-000019,xslF345X03/wf-form4_154940971963917.xml,4,AAPL
2019-02-05,2019-02-05 23:34:27+00:00,0000320193-19-000018,xslF345X03/wf-form4_154940965388838.xml,4,AAPL
2019-01-28,2019-01-28 23:31:04+00:00,0000320193-19-000004,xslF345X03/wf-form4_154871824787707.xml,4,AAPL
2018-11-21,2018-11-21 23:31:38+00:00,0000320193-18-000149,xslF345X03/wf-form4_154284308216532.xml,4,AAPL
2018-11-15,2018-11-15 23:31:11+00:00,0000320193-18-000147,xslF345X03/wf-form4_154232465480280.xml,4,AAPL
2018-10-17,2018-10-17 22:30:30+00:00,0000320193-18-000139,xslF345X03/wf-form4_153981541459967.xml,4,AAPL
2018-10-05,2018-10-05 22:33:19+00:00,0000320193-18-000137,xslF345X03/wf-form4_153877878310747.xml,4,AAPL
2018-10-05,2018-10-05 22:32:17+00:00,0000320193-18-000136,xslF345X03/wf-form4_153877872133212.xml,4,AAPL
2018-10-05,2018-10-05 22:31:16+00:00,0000320193-18-000135,xslF345X03/wf-form4_153877866095942.xml,4,AAPL
2018-10-03,2018-10-03 22:34:07+00:00,0000320193-18-000131,xslF345X03/wf-form4_153860603163051.xml,4,AAPL
2018-10-03,2018-10-03 22:33:07+00:00,0000320193-18-000130,xslF345X03/wf-form4_153860597104703.xml,4,AAPL
2018-10-03,2018-10-03 22:31:57+00:00,0000320193-18-000129,xslF345X03/wf-form4_153860589217680.xml,4,AAPL
2018-10-02,2018-10-02 22:36:35+00:00,0000320193-18-000125,xslF345X03/wf-form4_153851977931242.xml,4,AAPL
2018-10-02,2018-10-02 22:35:45+00:00,0000320193-18-000124,xslF345X03/wf-form4_153851972725526.xml,4,AAPL
2018-10-02,2018-10-02 22:34:41+00:00,0000320193-18-000123,xslF345X03/wf-form4_153851966439459.xml,4,AAPL
2018-10-02,2018-10-02 22:33:45+00:00,0000320193-18-000122,xslF345X03/wf-form4_153851960893694.xml,4,AAPL
2018-10-02,2018-10-02 22:32:49+00:00,0000320193-18-000121,xslF345X03/wf-form4_153851955377044.xml,4,AAPL
2018-08-28,2018-08-28 22:31:28+00:00,0000320193-18-000115,xslF345X03/wf-form4_153549547286956.xml,4,AAPL
2018-08-21,2018-08-21 23:01:37+00:00,0000320193-18-000113,xslF345X03/wf-form4_153489248141557.xml,4,AAPL
2018-08-21,2018-08-21 22:59:34+00:00,0000320193-18-000112,xslF345X03/wf-form4_153489235873857.xml,4,AAPL
2018-08-17,2018-08-17 22:30:45+00:00,0000320193-18-000109,xslF345X03/wf-form4_153454502801733.xml,4,AAPL
2018-08-10,2018-08-10 22:33:27+00:00,0000320193-18-000107,xslF345X03/wf-form4_153394039211365.xml,4,AAPL
2018-08-10,2018-08-10 22:31:41+00:00,0000320193-18-000106,xslF345X03/wf-form4_153394028523209.xml,4,AAPL
2018-08-06,2018-08-06 22:30:34+00:00,0000320193-18-000103,xslF345X03/wf-form4_153359461891019.xml,4,AAPL
2018-07-11,2018-07-11 22:31:20+00:00,0000320193-18-000095,xslF345X03/wf-form4_153134826427557.xml,4,AAPL
2018-06-18,2018-06-18 22:30:31+00:00,0000320193-18-000092,xslF345X03/wf-form4_152936101490685.xml,4,AAPL
2018-06-12,2018-06-12 22:30:36+00:00,0000320193-18-000090,xslF345X03/wf-form4_152884262050898.xml,4,AAPL
2018-06-04,2018-06-04 22:31:19+00:00,0000320193-18-000088,xslF345X03/wf-form4_152815141411532.xml,4,AAPL
2018-05-31,2018-05-31 22:31:59+00:00,0000320193-18-000086,xslF345X03/wf-form4_152780585957689.xml,4,AAPL
2018-05-25,2018-05-25 22:31:15+00:00,0000320193-18-000084,xslF345X03/wf-form4_152728745985789.xml,4,AAPL
2018-05-21,2018-05-21 22:30:50+00:00,0000320193-18-000082,xslF345X03/wf-form4_152694183324049.xml,4,AAPL
2018-05-18,2018-05-18 22:30:58+00:00,0000320193-18-000080,xslF345X03/wf-form4_152668264478876.xml,4,AAPL
2018-05-15,2018-05-15 22:30:43+00:00,0000320193-18-000078,xslF345X03/wf-form4_152642343017017.xml,4,AAPL
2018-05-11,2018-05-11 22:32:43+00:00,0000320193-18-000076,xslF345X03/wf-form4_152607794990188.xml,4,AAPL
2018-05-10,2018-05-10 22:31:35+00:00,0000320193-18-000074,xslF345X03/wf-form4_152599148061399.xml,4,AAPL
2018-05-07,2018-05-07 22:31:25+00:00,0000320193-18-000072,xslF345X03/wf-form4_152573222606599.xml,4,AAPL
2018-04-17,2018-04-17 22:31:41+00:00,0000320193-18-000064,xslF345X03/wf-form4_152400428847158.xml,4,AAPL
2018-04-17,2018-04-17 22:30:45+00:00,0000320193-18-000063,xslF345X03/wf-form4_152400423176100.xml,4,AAPL
2018-04-16,2018-04-16 22:31:20+00:00,0000320193-18-000060,xslF345X03/wf-form4_152391784210514.xml,4,AAPL
2018-04-06,2018-04-06 22:30:59+00:00,0000320193-18-000058,xslF345X03/wf-form4_152305384529017.xml,4,AAPL
2018-04-05,2018-04-05 22:31:26+00:00,0000320193-18-000057,xslF345X03/wf-form4_152296745064089.xml,4,AAPL
2018-04-03,2018-04-03 22:36:05+00:00,0000320193-18-000054,xslF345X03/wf-form4_152279495069184.xml,4,AAPL
2018-04-03,2018-04-03 22:35:24+00:00,0000320193-18-000053,xslF345X03/wf-form4_152279488511967.xml,4,AAPL
2018-04-03,2018-04-03 22:34:09+00:00,0000320193-18-000052,xslF345X03/wf-form4_152279483540589.xml,4,AAPL
2018-04-03,2018-04-03 22:33:25+00:00,0000320193-18-000051,xslF345X03/wf-form4_152279479066592.xml,4,AAPL
2018-04-03,2018-04-03 22:32:35+00:00,0000320193-18-000050,xslF345X03/wf-form4_152279471770222.xml,4,AAPL
2018-04-03,2018-04-03 22:31:31+00:00,0000320193-18-000049,xslF345X03/wf-form4_152279465769401.xml,4,AAPL
2018-04-03,2018-04-03 22:30:22+00:00,0000320193-18-000048,xslF345X03/wf-form4_152279460818145.xml,4,AAPL
2018-02-20,2018-02-20 23:30:24+00:00,0000320193-18-000040,xslF345X03/wf-form4_151916941098122.xml,4,AAPL
2018-02-15,2018-02-15 23:36:24+00:00,0000320193-18-000037,xslF345X03/wf-form4_151873776941650.xml,4,AAPL
2018-02-15,2018-02-15 23:35:34+00:00,0000320193-18-000036,xslF345X03/wf-form4_151873771953304.xml,4,AAPL
2018-02-15,2018-02-15 23:34:43+00:00,0000320193-18-000035,xslF345X03/wf-form4_151873766872367.xml,4,AAPL
2018-02-15,2018-02-15 23:33:45+00:00,0000320193-18-000034,xslF345X03/wf-form4_151873761103884.xml,4,AAPL
2018-02-15,2018-02-15 23:32:44+00:00,0000320193-18-000033,xslF345X03/wf-form4_151873755044531.xml,4,AAPL
2018-02-15,2018-02-15 23:31:37+00:00,0000320193-18-000032,xslF345X03/wf-form4_151873748320537.xml,4,AAPL
2018-02-15,2018-02-15 23:30:36+00:00,0000320193-18-000031,xslF345X03/wf-form4_151873742057861.xml,4,AAPL
2018-02-08,2018-02-08 23:30:44+00:00,0000320193-18-000023,xslF345X03/wf-form4_151813262859954.xml,4,AAPL
2018-02-05,2018-02-05 23:36:48+00:00,0000320193-18-000021,xslF345X03/wf-form4_151787379347066.xml,4,AAPL
2018-02-05,2018-02-05 23:36:04+00:00,0000320193-18-000020,xslF345X03/wf-form4_151787375000361.xml,4,AAPL
2018-02-05,2018-02-05 23:35:03+00:00,0000320193-18-000019,xslF345X03/wf-form4_151787368848629.xml,4,AAPL
2018-02-05,2018-02-05 23:34:07+00:00,0000320193-18-000018,xslF345X03/wf-form4_151787363289356.xml,4,AAPL
2018-02-05,2018-02-05 23:32:49+00:00,0000320193-18-000017,xslF345X03/wf-form4_151787355536092.xml,4,AAPL
2018-02-05,2018-02-05 23:32:08+00:00,0000320193-18-000016,xslF345X03/wf-form4_151787350514336.xml,4,AAPL
2018-02-05,2018-02-05 23:30:53+00:00,0000320193-18-000015,xslF345X03/wf-form4_151787343921146.xml,4,AAPL
2018-01-09,2018-01-09 23:30:38+00:00,0000320193-18-000002,xslF345X03/wf-form4_151554062441822.xml,4,AAPL
2017-12-11,2017-12-11 23:31:01+00:00,0000320193-17-000087,xslF345X03/wf-form4_151303504615549.xml,4,AAPL
2017-12-04,2017-12-04 23:32:54+00:00,0000320193-17-000085,xslF345X03/wf-form4_151243036024161.xml,4,AAPL
2017-11-27,2017-11-27 23:30:46+00:00,0000320193-17-000083,xslF345X03/wf-form4_151182543114594.xml,4,AAPL
2017-11-16,2017-11-16 23:31:35+00:00,0000320193-17-000081,xslF345X03/wf-form4_151087508159949.xml,4,AAPL
2017-11-15,2017-11-15 23:33:37+00:00,0000320193-17-000079,xslF345X03/wf-form4_151078880413808.xml,4,AAPL
2017-11-15,2017-11-15 23:32:36+00:00,0000320193-17-000078,xslF345X03/wf-form4_151078874247280.xml,4,AAPL
2017-10-17,2017-10-17 22:47:42+00:00,0000320193-17-000063,xslF345X03/wf-form4_150828044948163.xml,4,AAPL
2017-10-17,2017-10-17 22:46:41+00:00,0000320193-17-000062,xslF345X03/wf-form4_150828038824181.xml,4,AAPL
2017-10-17,2017-10-17 22:44:48+00:00,0000320193-17-000061,xslF345X03/wf-form4_150828027600542.xml,4,AAPL
2017-10-17,2017-10-17 22:43:57+00:00,0000320193-17-000060,xslF345X03/wf-form4_150828022415662.xml,4,AAPL
2017-10-17,2017-10-17 22:43:06+00:00,0000320193-17-000059,xslF345X03/wf-form4_150828017246106.xml,4,AAPL
2017-10-17,2017-10-17 22:41:54+00:00,0000320193-17-000058,xslF345X03/wf-form4_150828010037766.xml,4,AAPL
2017-10-17,2017-10-17 22:40:49+00:00,0000320193-17-000057,xslF345X03/wf-form4_150828003638615.xml,4,AAPL
2017-10-17,2017-10-17 22:39:59+00:00,0000320193-17-000056,xslF345X03/wf-form4_150827998628260.xml,4,AAPL
2017-10-17,2017-10-17 22:39:13+00:00,0000320193-17-000055,xslF345X03/wf-form4_150827993959614.xml,4,AAPL
2017-10-10,2017-10-10 22:31:25+00:00,0000320193-17-000045,xslF345X03/wf-form4_150767467144201.xml,4,AAPL
2017-10-05,2017-10-05 22:34:12+00:00,0000320193-17-000043,xslF345X03/wf-form4_150724283880617.xml,4,AAPL
2017-10-05,2017-10-05 22:33:19+00:00,0000320193-17-000042,xslF345X03/wf-form4_150724278525543.xml,4,AAPL
2017-10-03,2017-10-03 22:37:59+00:00,0000320193-17-000039,xslF345X03/wf-form4_150707026587310.xml,4,AAPL
2017-10-03,2017-10-03 22:37:16+00:00,0000320193-17-000038,xslF345X03/wf-form4_150707022096581.xml,4,AAPL
2017-10-03,2017-10-03 22:36:24+00:00,0000320193-17-000037,xslF345X03/wf-form4_150707017081508.xml,4,AAPL
2017-10-03,2017-10-03 22:35:33+00:00,0000320193-17-000036,xslF345X03/wf-form4_150707011795652.xml,4,AAPL
2017-10-03,2017-10-03 22:34:39+00:00,0000320193-17-000035,xslF345X03/wf-form4_150707006333873.xml,4,AAPL
2017-10-03,2017-10-03 22:33:36+00:00,0000320193-17-000034,xslF345X03/wf-form4_150707000038940.xml,4,AAPL
2017-10-03,2017-10-03 22:32:36+00:00,0000320193-17-000033,xslF345X03/wf-form4_150706994103772.xml,4,AAPL
2017-10-03,2017-10-03 22:31:49+00:00,0000320193-17-000032,xslF345X03/wf-form4_150706989617764.xml,4,AAPL
2017-08-30,2017-08-30 22:30:35+00:00,0000320193-17-000023,xslF345X03/wf-form4_150413222111835.xml,4,AAPL
2017-08-28,2017-08-29 00:00:34+00:00,0000320193-17-000021,xslF345X03/wf-form4_150396481887759.xml,4,AAPL
2017-08-18,2017-08-18 22:30:35+00:00,0000320193-17-000018,xslF345X03/wf-form4_150309542055431.xml,4,AAPL
2017-08-17,2017-08-17 22:30:57+00:00,0000320193-17-000017,xslF345X03/wf-form4_150300904326605.xml,4,AAPL
2017-08-09,2017-08-09 22:32:24+00:00,0000320193-17-000015,xslF345X03/wf-form4_150231792959896.xml,4,AAPL
2017-08-09,2017-08-09 22:31:33+00:00,0000320193-17-000014,xslF345X03/wf-form4_150231787803625.xml,4,AAPL
2017-08-09,2017-08-09 22:30:47+00:00,0000320193-17-000013,xslF345X03/wf-form4_150231783126553.xml,4,AAPL
2017-07-10,2017-07-10 22:30:23+00:00,0000320193-17-000003,xslF345X03/wf-form4_149972580917613.xml,4,AAPL
2017-06-16,2017-06-16 22:30:25+00:00,0001628280-17-006558,xslF345X03/wf-form4_149765220991664.xml,4,AAPL
2017-06-09,2017-06-09 22:30:45+00:00,0001628280-17-006357,xslF345X03/wf-form4_149704742969407.xml,4,AAPL
2017-06-06,2017-06-06 22:30:34+00:00,0001628280-17-006261,xslF345X03/wf-form4_149678821830800.xml,4,AAPL
2017-05-31,2017-05-31 22:30:30+00:00,0001628280-17-006119,xslF345X03/wf-form4_149626981246801.xml,4,AAPL
2017-05-30,2017-05-30 22:30:50+00:00,0001628280-17-006040,xslF345X03/wf-form4_149618343527214.xml,4,AAPL
2017-05-25,2017-05-25 22:31:54+00:00,0001628280-17-005932,xslF345X03/wf-form4_149575149925731.xml,4,AAPL
2017-05-24,2017-05-24 22:31:58+00:00,0001628280-17-005877,xslF345X03/wf-form4_149566510341688.xml,4,AAPL
2017-05-24,2017-05-24 22:30:46+00:00,0001628280-17-005876,xslF345X03/wf-form4_149566503082937.xml,4,AAPL
2017-05-18,2017-05-18 22:30:31+00:00,0001628280-17-005698,xslF345X03/wf-form4_149514661622011.xml,4,AAPL
2017-05-11,2017-05-11 22:31:36+00:00,0001628280-17-005434,xslF345X03/wf-form4_149454187969662.xml,4,AAPL
2017-05-11,2017-05-11 22:30:34+00:00,0001628280-17-005433,xslF345X03/wf-form4_149454181720231.xml,4,AAPL
2017-05-08,2017-05-08 22:34:28+00:00,0001628280-17-005184,xslF345X03/wf-form4_149428284856190.xml,4,AAPL
2017-05-08,2017-05-08 22:33:26+00:00,0001628280-17-005183,xslF345X03/wf-form4_149428279147354.xml,4,AAPL
2017-05-03,2017-05-03 22:30:28+00:00,0001628280-17-004826,xslF345X03/wf-form4_149385061401123.xml,4,AAPL
2017-04-21,2017-04-21 22:30:43+00:00,0001628280-17-004167,xslF345X03/wf-form4_149281382808641.xml,4,AAPL
2017-04-18,2017-04-18 22:32:37+00:00,0001628280-17-003836,xslF345X03/wf-form4_149255474371079.xml,4,AAPL
2017-04-18,2017-04-18 22:31:51+00:00,0001628280-17-003835,xslF345X03/wf-form4_149255469662391.xml,4,AAPL
2017-04-18,2017-04-18 22:31:16+00:00,0001628280-17-003834,xslF345X03/wf-form4_149255466078682.xml,4,AAPL
2017-04-07,2017-04-07 22:31:06+00:00,0001628280-17-003444,xslF345X03/wf-form4_149160425159023.xml,4,AAPL
2017-04-07,2017-04-07 22:30:03+00:00,0001628280-17-003442,xslF345X03/wf-form4_149160418901921.xml,4,AAPL
2017-04-04,2017-04-04 22:36:15+00:00,0001628280-17-003348,xslF345X03/wf-form4_149134536071696.xml,4,AAPL
2017-04-04,2017-04-04 22:35:17+00:00,0001628280-17-003347,xslF345X03/wf-form4_149134530319074.xml,4,AAPL
2017-04-04,2017-04-04 22:34:33+00:00,0001628280-17-003346,xslF345X03/wf-form4_149134525842641.xml,4,AAPL
2017-04-04,2017-04-04 22:33:52+00:00,0001628280-17-003345,xslF345X03/wf-form4_149134521223893.xml,4,AAPL
2017-04-04,2017-04-04 22:33:03+00:00,0001628280-17-003344,xslF345X03/wf-form4_149134516911399.xml,4,AAPL
2017-04-04,2017-04-04 22:32:22+00:00,0001628280-17-003343,xslF345X03/wf-form4_149134512828053.xml,4,AAPL
2017-04-04,2017-04-04 22:31:32+00:00,0001628280-17-003342,xslF345X03/wf-form4_149134507719548.xml,4,AAPL
2017-04-04,2017-04-04 22:30:50+00:00,0001628280-17-003341,xslF345X03/wf-form4_149134503634309.xml,4,AAPL
2017-03-17,2017-03-17 22:32:17+00:00,0001628280-17-002692,xslF345X03/wf-form4_148978992085921.xml,4,AAPL
2017-03-07,2017-03-07 23:31:02+00:00,0001628280-17-002321,xslF345X03/wf-form4_148892944611903.xml,4,AAPL
2017-03-02,2017-03-02 23:37:24+00:00,0001628280-17-002133,xslF345X03/wf-form4_148849782926375.xml,4,AAPL
2017-03-02,2017-03-02 23:36:37+00:00,0001628280-17-002132,xslF345X03/wf-form4_148849778342702.xml,4,AAPL
2017-03-02,2017-03-02 23:35:50+00:00,0001628280-17-002131,xslF345X03/wf-form4_148849773387621.xml,4,AAPL
2017-03-02,2017-03-02 23:35:01+00:00,0001628280-17-002130,xslF345X03/wf-form4_148849768695204.xml,4,AAPL
2017-03-02,2017-03-02 23:34:10+00:00,0001628280-17-002129,xslF345X03/wf-form4_148849763661980.xml,4,AAPL
2017-03-02,2017-03-02 23:33:20+00:00,0001628280-17-002128,xslF345X03/wf-form4_148849757720861.xml,4,AAPL
2017-03-02,2017-03-02 23:32:06+00:00,0001628280-17-002127,xslF345X03/wf-form4_148849751248265.xml,4,AAPL
2017-02-24,2017-02-24 23:30:39+00:00,0001628280-17-001737,xslF345X03/wf-form4_148797902641007.xml,4,AAPL
2017-02-22,2017-02-22 23:32:17+00:00,0001628280-17-001593,xslF345X03/wf-form4_148780632402345.xml,4,AAPL
2017-02-17,2017-02-17 23:31:16+00:00,0001628280-17-001484,xslF345X03/wf-form4_148737426278716.xml,4,AAPL
2017-02-17,2017-02-17 23:30:23+00:00,0001628280-17-001483,xslF345X03/wf-form4_148737420989249.xml,4,AAPL
2017-02-07,2017-02-07 23:30:44+00:00,0001628280-17-000963,xslF345X03/wf-form4_148651023069911.xml,4,AAPL
2017-02-03,2017-02-03 23:37:49+00:00,0001628280-17-000897,xslF345X03/wf-form4_148616505664998.xml,4,AAPL
2017-02-03,2017-02-03 23:37:10+00:00,0001628280-17-000896,xslF345X03/wf-form4_148616501402002.xml,4,AAPL
2017-02-03,2017-02-03 23:36:31+00:00,0001628280-17-000895,xslF345X03/wf-form4_148616497785486.xml,4,AAPL
2017-02-03,2017-02-03 23:35:56+00:00,0001628280-17-000894,xslF345X03/wf-form4_148616494297095.xml,4,AAPL
2017-02-03,2017-02-03 23:35:18+00:00,0001628280-17-000893,xslF345X03/wf-form4_148616490596418.xml,4,AAPL
2017-02-03,2017-02-03 23:34:18+00:00,0001628280-17-000892,xslF345X03/wf-form4_148616484604533.xml,4,AAPL
2017-02-03,2017-02-03 23:33:41+00:00,0001628280-17-000891,xslF345X03/wf-form4_148616480910570.xml,4,AAPL
2017-02-03,2017-02-03 23:33:03+00:00,0001628280-17-000890,xslF345X03/wf-form4_148616477031538.xml,4,AAPL
2017-02-03,2017-02-03 23:32:16+00:00,0001628280-17-000889,xslF345X03/wf-form4_148616472318268.xml,4,AAPL
2017-02-03,2017-02-03 23:31:34+00:00,0001628280-17-000888,xslF345X03/wf-form4_148616468196194.xml,4,AAPL
2017-02-01,2017-02-01 23:31:20+00:00,0001628280-17-000744,xslF345X03/wf-form4_148599186687884.xml,4,AAPL
2017-01-27,2017-01-27 23:30:55+00:00,0001628280-17-000550,xslF345X03/wf-form4_148555984128421.xml,4,AAPL
2017-01-24,2017-01-24 23:30:37+00:00,0001628280-17-000379,xslF345X03/wf-form4_148530062501951.xml,4,AAPL
2017-01-19,2017-01-19 23:33:14+00:00,0001628280-17-000312,xslF345X03/wf-form4_148486878103532.xml,4,AAPL
2017-01-19,2017-01-19 23:31:39+00:00,0001628280-17-000311,xslF345X03/wf-form4_148486868606685.xml,4,AAPL
2017-01-10,2017-01-10 23:30:32+00:00,0001628280-17-000187,xslF345X03/wf-form4_148409101957980.xml,4,AAPL
2016-12-29,2016-12-29 23:30:07+00:00,0001628280-16-022242,xslF345X03/wf-form4_148305419385609.xml,4,AAPL
2016-12-19,2016-12-19 23:30:57+00:00,0001628280-16-022104,xslF345X03/wf-form4_148219024507558.xml,4,AAPL
2016-12-13,2016-12-13 23:30:45+00:00,0001628280-16-022020,xslF345X03/wf-form4_148167182511916.xml,4,AAPL
2016-11-22,2016-11-22 23:30:29+00:00,0001628280-16-021649,xslF345X03/wf-form4_147985741566624.xml,4,AAPL
2016-11-09,2016-11-09 23:31:15+00:00,0001628280-16-021144,xslF345X03/wf-form4_147873426182746.xml,4,AAPL
2016-11-04,2016-11-04 22:31:54+00:00,0001628280-16-020880,xslF345X03/wf-form4_147829870020970.xml,4,AAPL
2016-11-04,2016-11-04 22:31:11+00:00,0001628280-16-020879,xslF345X03/wf-form4_147829865841782.xml,4,AAPL
2016-10-31,2016-10-31 22:31:18+00:00,0001628280-16-020489,xslF345X03/wf-form4_147795306588441.xml,4,AAPL
2016-10-31,2016-10-31 22:30:39+00:00,0001628280-16-020488,xslF345X03/wf-form4_147795302659560.xml,4,AAPL
2016-10-18,2016-10-19 00:08:30+00:00,0001628280-16-020124,xslF345X03/wf-form4_147683569837612.xml,4,AAPL
2016-10-18,2016-10-19 00:07:38+00:00,0001628280-16-020123,xslF345X03/wf-form4_147683564629277.xml,4,AAPL
2016-10-18,2016-10-19 00:06:59+00:00,0001628280-16-020122,xslF345X03/wf-form4_147683560738887.xml,4,AAPL
2016-10-18,2016-10-19 00:06:24+00:00,0001628280-16-020121,xslF345X03/wf-form4_147683557180521.xml,4,AAPL
2016-10-18,2016-10-19 00:05:16+00:00,0001628280-16-020120,xslF345X03/wf-form4_147683550360347.xml,4,AAPL
2016-10-18,2016-10-19 00:04:15+00:00,0001628280-16-020119,xslF345X03/wf-form4_147683544277276.xml,4,AAPL
2016-10-18,2016-10-19 00:03:38+00:00,0001628280-16-020118,xslF345X03/wf-form4_147683540573594.xml,4,AAPL
2016-10-18,2016-10-19 00:02:47+00:00,0001628280-16-020117,xslF345X03/wf-form4_147683535525169.xml,4,AAPL
2016-10-18,2016-10-19 00:02:09+00:00,0001628280-16-020116,xslF345X03/wf-form4_147683531628153.xml,4,AAPL
2016-10-18,2016-10-19 00:01:29+00:00,0001628280-16-020115,xslF345X03/wf-form4_147683527630432.xml,4,AAPL
2016-10-04,2016-10-04 22:36:04+00:00,0001628280-16-019941,xslF345X03/wf-form4_147562055033231.xml,4,AAPL
2016-10-04,2016-10-04 22:35:17+00:00,0001628280-16-019940,xslF345X03/wf-form4_147562050387961.xml,4,AAPL
2016-10-04,2016-10-04 22:34:04+00:00,0001628280-16-019939,xslF345X03/wf-form4_147562043093453.xml,4,AAPL
2016-10-04,2016-10-04 22:33:19+00:00,0001628280-16-019938,xslF345X03/wf-form4_147562038659364.xml,4,AAPL
2016-10-04,2016-10-04 22:32:39+00:00,0001628280-16-019937,xslF345X03/wf-form4_147562034516967.xml,4,AAPL
2016-10-04,2016-10-04 22:31:42+00:00,0001628280-16-019936,xslF345X03/wf-form4_147562028803402.xml,4,AAPL
2016-10-04,2016-10-04 22:30:52+00:00,0001628280-16-019935,xslF345X03/wf-form4_147562023937228.xml,4,AAPL
2016-09-23,2016-09-23 22:35:58+00:00,0001628280-16-019757,xslF345X03/wf-form4_147467014510458.xml,4,AAPL
2016-09-23,2016-09-23 22:33:57+00:00,0001628280-16-019756,xslF345X03/wf-form4_147467002403491.xml,4,AAPL
2016-09-07,2016-09-07 22:32:02+00:00,0001628280-16-019444,xslF345X03/wf-form4_147328750918915.xml,4,AAPL
2016-08-31,2016-08-31 22:31:42+00:00,0001628280-16-019324,xslF345X03/wf-form4_147268268998840.xml,4,AAPL
2016-08-31,2016-08-31 22:30:38+00:00,0001628280-16-019323,xslF345X03/wf-form4_147268262634629.xml,4,AAPL
2016-08-26,2016-08-26 20:53:09+00:00,0001628280-16-019269,xslF345X03/wf-form4_147224477588332.xml,4,AAPL
2016-08-25,2016-08-25 22:34:42+00:00,0001628280-16-019247,xslF345X03/wf-form4_147216446949087.xml,4,AAPL
2016-08-25,2016-08-25 22:33:08+00:00,0001628280-16-019246,xslF345X03/wf-form4_147216426172341.xml,4,AAPL
2016-08-18,2016-08-18 22:33:46+00:00,0001628280-16-019152,xslF345X03/wf-form4_147155961339791.xml,4,AAPL
2016-08-18,2016-08-18 22:32:51+00:00,0001628280-16-019151,xslF345X03/wf-form4_147155955918611.xml,4,AAPL
2016-08-18,2016-08-18 22:31:30+00:00,0001628280-16-019150,xslF345X03/wf-form4_147155947423717.xml,4,AAPL
2016-08-17,2016-08-17 22:31:29+00:00,0001628280-16-019109,xslF345X03/wf-form4_147147307599444.xml,4,AAPL
2016-08-16,2016-08-16 22:31:35+00:00,0001628280-16-019099,xslF345X03/wf-form4_147138668237470.xml,4,AAPL
2016-08-11,2016-08-11 22:31:38+00:00,0001628280-16-018921,xslF345X03/wf-form4_147095468544061.xml,4,AAPL
2016-08-09,2016-08-09 22:31:10+00:00,0001628280-16-018832,xslF345X03/wf-form4_147078185707166.xml,4,AAPL
2016-08-05,2016-08-05 22:32:27+00:00,0001628280-16-018636,xslF345X03/wf-form4_147043633400483.xml,4,AAPL
2016-07-20,2016-07-20 22:32:04+00:00,0001628280-16-017677,xslF345X03/wf-form4_146905391104938.xml,4,AAPL
2016-06-16,2016-06-16 22:30:33+00:00,0001209191-16-128301,xslF345X03/doc4.xml,4,AAPL
2016-06-02,2016-06-02 22:30:41+00:00,0001209191-16-125278,xslF345X03/doc4.xml,4,AAPL
2016-06-01,2016-06-01 22:32:17+00:00,0001209191-16-124774,xslF345X03/doc4.xml,4,AAPL
2016-06-01,2016-06-01 22:31:35+00:00,0001209191-16-124773,xslF345X03/doc4.xml,4,AAPL
2016-06-01,2016-06-01 22:30:49+00:00,0001209191-16-124771,xslF345X03/doc4.xml,4,AAPL
2016-05-31,2016-05-31 22:33:48+00:00,0001209191-16-124457,xslF345X03/doc4.xml,4,AAPL
2016-05-31,2016-05-31 22:32:42+00:00,0001209191-16-124453,xslF345X03/doc4.xml,4,AAPL
2016-05-25,2016-05-25 22:32:30+00:00,0001209191-16-123335,xslF345X03/doc4.xml,4,AAPL
2016-05-03,2016-05-04 00:01:19+00:00,0001209191-16-117168,xslF345X03/doc4.xml,4,AAPL
2016-04-19,2016-04-19 22:31:45+00:00,0001209191-16-114938,xslF345X03/doc4.xml,4,AAPL
2016-04-19,2016-04-19 22:31:12+00:00,0001209191-16-114936,xslF345X03/doc4.xml,4,AAPL
2016-04-19,2016-04-19 22:30:39+00:00,0001209191-16-114935,xslF345X03/doc4.xml,4,AAPL
2016-04-05,2016-04-05 22:33:38+00:00,0001209191-16-113272,xslF345X03/doc4.xml,4,AAPL
2016-04-05,2016-04-05 22:33:07+00:00,0001209191-16-113271,xslF345X03/doc4.xml,4,AAPL
2016-04-05,2016-04-05 22:32:37+00:00,0001209191-16-113269,xslF345X03/doc4.xml,4,AAPL
2016-04-05,2016-04-05 22:32:06+00:00,0001209191-16-113268,xslF345X03/doc4.xml,4,AAPL
2016-04-05,2016-04-05 22:31:36+00:00,0001209191-16-113266,xslF345X03/doc4.xml,4,AAPL
2016-04-05,2016-04-05 22:31:02+00:00,0001209191-16-113265,xslF345X03/doc4.xml,4,AAPL
2016-04-01,2016-04-01 22:33:33+00:00,0001209191-16-111818,xslF345X03/doc4.xml,4,AAPL
2016-03-23,2016-03-23 22:31:48+00:00,0001209191-16-110273,xslF345X03/doc4.xml,4,AAPL
2016-03-23,2016-03-23 22:31:16+00:00,0001209191-16-110272,xslF345X03/doc4.xml,4,AAPL
2016-03-23,2016-03-23 22:30:43+00:00,0001209191-16-110271,xslF345X03/doc4.xml,4,AAPL
2016-03-17,2016-03-17 22:30:28+00:00,0001209191-16-109249,xslF345X03/doc4.xml,4,AAPL
2016-03-08,2016-03-08 23:31:46+00:00,0001209191-16-107130,xslF345X03/doc4.xml,4,AAPL
2016-03-01,2016-03-01 23:34:41+00:00,0001209191-16-104163,xslF345X03/doc4.xml,4,AAPL
2016-03-01,2016-03-01 23:34:07+00:00,0001209191-16-104160,xslF345X03/doc4.xml,4,AAPL
2016-03-01,2016-03-01 23:33:31+00:00,0001209191-16-104159,xslF345X03/doc4.xml,4,AAPL
2016-03-01,2016-03-01 23:32:56+00:00,0001209191-16-104158,xslF345X03/doc4.xml,4,AAPL
2016-03-01,2016-03-01 23:32:23+00:00,0001209191-16-104157,xslF345X03/doc4.xml,4,AAPL
2016-03-01,2016-03-01 23:31:39+00:00,0001209191-16-104155,xslF345X03/doc4.xml,4,AAPL
2016-03-01,2016-03-01 23:31:01+00:00,0001209191-16-104154,xslF345X03/doc4.xml,4,AAPL
2016-02-17,2016-02-17 23:30:30+00:00,0001209191-16-099481,xslF345X03/doc4.xml,4,AAPL
2016-02-03,2016-02-03 23:35:58+00:00,0001209191-16-095503,xslF345X03/doc4.xml,4,AAPL
2016-02-03,2016-02-03 23:35:20+00:00,0001209191-16-095501,xslF345X03/doc4.xml,4,AAPL
2016-02-03,2016-02-03 23:34:43+00:00,0001209191-16-095500,xslF345X03/doc4.xml,4,AAPL
2016-02-03,2016-02-03 23:33:54+00:00,0001209191-16-095498,xslF345X03/doc4.xml,4,AAPL
2016-02-03,2016-02-03 23:32:50+00:00,0001209191-16-095495,xslF345X03/doc4.xml,4,AAPL
2016-02-03,2016-02-03 23:31:59+00:00,0001209191-16-095494,xslF345X03/doc4.xml,4,AAPL
2016-02-03,2016-02-03 23:31:01+00:00,0001209191-16-095491,xslF345X03/doc4.xml,4,AAPL
2015-11-10,2015-11-10 23:30:58+00:00,0001209191-15-079403,xslF345X03/doc4.xml,4,AAPL
2015-11-06,2015-11-06 23:31:01+00:00,0001209191-15-078971,xslF345X03/doc4.xml,4,AAPL
2015-11-03,2015-11-03 23:48:31+00:00,0001209191-15-078197,xslF345X03/doc4.xml,4,AAPL
2015-11-03,2015-11-03 23:47:43+00:00,0001209191-15-078196,xslF345X03/doc4.xml,4,AAPL
2015-11-03,2015-11-03 23:47:00+00:00,0001209191-15-078195,xslF345X03/doc4.xml,4,AAPL
2015-10-22,2015-10-22 22:46:45+00:00,0001209191-15-076492,xslF345X03/doc4.xml,4,AAPL
2015-10-19,2015-10-19 22:31:55+00:00,0001209191-15-076174,xslF345X03/doc4.xml,4,AAPL
2015-10-19,2015-10-19 22:31:23+00:00,0001209191-15-076173,xslF345X03/doc4.xml,4,AAPL
2015-10-19,2015-10-19 22:30:49+00:00,0001209191-15-076172,xslF345X03/doc4.xml,4,AAPL
2015-10-07,2015-10-08 01:49:17+00:00,0001209191-15-074803,xslF345X03/doc4.xml,4,AAPL
2015-10-07,2015-10-08 01:48:49+00:00,0001209191-15-074802,xslF345X03/doc4.xml,4,AAPL
2015-10-07,2015-10-08 01:48:17+00:00,0001209191-15-074801,xslF345X03/doc4.xml,4,AAPL
2015-10-07,2015-10-08 01:47:21+00:00,0001209191-15-074800,xslF345X03/doc4.xml,4,AAPL
2015-10-07,2015-10-08 01:46:12+00:00,0001209191-15-074797,xslF345X03/doc4.xml,4,AAPL
2015-10-07,2015-10-08 01:44:51+00:00,0001209191-15-074796,xslF345X03/doc4.xml,4,AAPL
2015-10-07,2015-10-08 01:44:20+00:00,0001209191-15-074795,xslF345X03/doc4.xml,4,AAPL
2015-10-07,2015-10-08 01:43:52+00:00,0001209191-15-074794,xslF345X03/doc4.xml,4,AAPL
2015-10-07,2015-10-08 01:43:19+00:00,0001209191-15-074792,xslF345X03/doc4.xml,4,AAPL
2015-10-05,2015-10-05 22:36:31+00:00,0001209191-15-074155,xslF345X03/doc4.xml,4,AAPL
2015-10-05,2015-10-05 22:35:45+00:00,0001209191-15-074153,xslF345X03/doc4.xml,4,AAPL
2015-10-05,2015-10-05 22:35:01+00:00,0001209191-15-074152,xslF345X03/doc4.xml,4,AAPL
2015-10-05,2015-10-05 22:34:20+00:00,0001209191-15-074151,xslF345X03/doc4.xml,4,AAPL
2015-10-05,2015-10-05 22:33:00+00:00,0001209191-15-074148,xslF345X03/doc4.xml,4,AAPL
2015-10-05,2015-10-05 22:32:20+00:00,0001209191-15-074146,xslF345X03/doc4.xml,4,AAPL
2015-10-05,2015-10-05 22:31:30+00:00,0001209191-15-074143,xslF345X03/doc4.xml,4,AAPL
2015-10-02,2015-10-02 22:35:37+00:00,0001209191-15-073531,xslF345X03/doc4.xml,4,AAPL
2015-09-17,2015-09-17 22:31:14+00:00,0001209191-15-071245,xslF345X03/doc4.xml,4,AAPL
2015-09-09,2015-09-10 00:01:15+00:00,0001209191-15-070022,xslF345X03/doc4.xml,4,AAPL
2015-08-25,2015-08-26 01:51:16+00:00,0001209191-15-067882,xslF345X03/doc4.xml,4,AAPL
2015-08-25,2015-08-26 01:46:33+00:00,0001209191-15-067879,xslF345X03/doc4.xml,4,AAPL
2015-08-18,2015-08-18 22:32:10+00:00,0001209191-15-066683,xslF345X03/doc4.xml,4,AAPL
2015-07-28,2015-07-28 22:31:06+00:00,0000899243-15-001800,xslF345X03/doc4.xml,4,AAPL
2015-07-28,2015-07-28 22:30:31+00:00,0000899243-15-001799,xslF345X03/doc4.xml,4,AAPL
2015-07-21,2015-07-22 00:33:11+00:00,0001181431-15-008793,xslF345X03/rrd426012.xml,4,AAPL
2015-06-26,2015-06-26 22:33:51+00:00,0001181431-15-008603,xslF345X03/rrd425932.xml,4,AAPL
2015-06-01,2015-06-01 22:30:45+00:00,0001181431-15-007696,xslF345X03/rrd425345.xml,4,AAPL
2015-05-29,2015-05-29 22:54:18+00:00,0001181431-15-007653,xslF345X03/rrd425310.xml,4,AAPL
2015-05-29,2015-05-29 22:53:07+00:00,0001181431-15-007652,xslF345X03/rrd425353.xml,4,AAPL
2015-05-05,2015-05-05 23:31:40+00:00,0001181431-15-006536,xslF345X03/rrd424652.xml,4,AAPL
2015-05-04,2015-05-04 22:31:18+00:00,0001181431-15-006426,xslF345X03/rrd424602.xml,4,AAPL
2015-04-27,2015-04-27 22:30:50+00:00,0001181431-15-006137,xslF345X03/rrd424453.xml,4,AAPL
2015-04-27,2015-04-27 22:30:23+00:00,0001181431-15-006136,xslF345X03/rrd424455.xml,4,AAPL
